video-UID,clip_title,labeler,class
10018,Australian_flash_mob_dance_slice150.mp4,Ahsen,99
10022,Australian_flash_mob_dance_slice170.mp4,Ahsen,99
10024,Australian_flash_mob_dance_slice180.mp4,Ahsen,99
10025,Australian_flash_mob_dance_slice185.mp4,Ahsen,99
10028,Australian_flash_mob_dance_slice20.mp4,Ahsen,99
10030,Australian_flash_mob_dance_slice205.mp4,Ahsen,99
10041,Australian_flash_mob_dance_slice255.mp4,Ahsen,99
10047,Australian_flash_mob_dance_slice285.mp4,Ahsen,99
10052,Australian_flash_mob_dance_slice40.mp4,Ahsen,99
10057,Australian_flash_mob_dance_slice60.mp4,Ahsen,99
10059,Australian_flash_mob_dance_slice70.mp4,Ahsen,99
10068,British_Football_Hooligans_Mix_3__MorningGlory1997__kW23lUV6oFk_slice20.mp4,Ahsen,99
10074,ByronBay_slice105.mp4,Ahsen,99
10075,ByronBay_slice110.mp4,Ahsen,99
10078,ByronBay_slice125.mp4,Ahsen,99
10082,ByronBay_slice145.mp4,Ahsen,99
10086,ByronBay_slice160.mp4,Ahsen,99
10095,ByronBay_slice200.mp4,Ahsen,99
10099,ByronBay_slice220.mp4,Ahsen,99
10101,ByronBay_slice230.mp4,Ahsen,99
10102,ByronBay_slice235.mp4,Ahsen,99
10107,ByronBay_slice255.mp4,Ahsen,99
10110,ByronBay_slice35.mp4,Ahsen,99
10116,ByronBay_slice60.mp4,Ahsen,99
10117,ByronBay_slice65.mp4,Ahsen,99
10118,ByronBay_slice70.mp4,Ahsen,99
10121,ByronBay_slice85.mp4,Ahsen,99
10122,ByronBay_slice90.mp4,Ahsen,99
10123,ByronBay_slice95.mp4,Ahsen,99
10128,French_flashmob_circle_slice100.mp4,Ahsen,99
10133,French_flashmob_circle_slice125.mp4,Ahsen,99
10137,French_flashmob_circle_slice145.mp4,Ahsen,99
10143,French_flashmob_circle_slice170.mp4,Ahsen,99
10150,French_flashmob_circle_slice200.mp4,Ahsen,99
10154,French_flashmob_circle_slice220.mp4,Ahsen,99
10167,French_flashmob_circle_slice280.mp4,Ahsen,99
10168,French_flashmob_circle_slice285.mp4,Ahsen,99
10170,French_flashmob_circle_slice295.mp4,Ahsen,99
10179,French_flashmob_circle_slice335.mp4,Ahsen,99
10185,French_flashmob_circle_slice360.mp4,Ahsen,99
10190,French_flashmob_circle_slice45.mp4,Ahsen,99
10194,French_flashmob_circle_slice60.mp4,Ahsen,99
10197,French_flashmob_circle_slice75.mp4,Ahsen,99
10199,French_flashmob_circle_slice85.mp4,Ahsen,99
10209,HShackeysack_slice125.mp4,Ahsen,99
10213,HShackeysack_slice145.mp4,Ahsen,99
10216,HShackeysack_slice155.mp4,Ahsen,99
10219,HShackeysack_slice170.mp4,Ahsen,99
10230,HShackeysack_slice220.mp4,Ahsen,99
10233,HShackeysack_slice235.mp4,Ahsen,99
10241,HShackeysack_slice270.mp4,Ahsen,99
10248,HShackeysack_slice300.mp4,Ahsen,99
10252,HShackeysack_slice320.mp4,Ahsen,99
10255,HShackeysack_slice335.mp4,Ahsen,99
10265,HShackeysack_slice380.mp4,Ahsen,99
10266,HShackeysack_slice385.mp4,Ahsen,99
10270,HShackeysack_slice45.mp4,Ahsen,99
10273,HShackeysack_slice55.mp4,Ahsen,99
10276,HShackeysack_slice70.mp4,Ahsen,99
10277,HShackeysack_slice75.mp4,Ahsen,99
10278,HShackeysack_slice80.mp4,Ahsen,99
10282,Hooligans_violence__5x5_russian_hooligans_fight__Parkhom__GnfpwW6sMkc_slice0.mp4,Ahsen,99
10285,Hooligans_violence__ACHTUNG_skinheads_hooligans__WHITENGEL1488__H2xnId9vOo0.mp4,Ahsen,99
10286,Hooligans_violence__Accidents_Fights_Violence_Tragedies_Hooligans_Football_Fights_HORRIBLE_THINGS__darkhero00__PgujG07PUq0_slice0.mp4,Ahsen,99
10291,Hooligans_violence__FOOTBALL_HOOLIGANS_WEST_HAM_v_MILLWALL_AUGUST_2009_LONGER_VERSIO.mp4,Ahsen,99
10306,Hooligans_violence__Hooligans_Untold_Story_Part_2__UltrasHooligansFilms__BXBtZwzv3EI.mp4,Ahsen,99
10307,Hooligans_violence__Hooligans_violence__BRANNIK_football_violence__KD666999__YTqe4xf5o6U.mp4,Ahsen,99
10308,Hooligans_violence__Hooligans_war_in_Russian_vk__artemorlik__6UNj6fEgz8U.mp4,Ahsen,99
10311,Hooligans_violence__Koudlam_See_you_All__panrecord__nFWgiZxnz7o_slice10.mp4,Ahsen,99
10332,NV_104.mp4,Ahsen,99
10333,NV_105.mp4,Ahsen,99
10334,NV_106.mp4,Ahsen,99
10337,NV_109.mp4,Ahsen,99
10339,NV_110.mp4,Ahsen,99
10341,NV_112.mp4,Ahsen,99
10345,NV_116.mp4,Ahsen,99
10349,NV_12.mp4,Ahsen,99
10368,NV_136.mp4,Ahsen,99
10374,NV_141.mp4,Ahsen,99
10387,NV_153.mp4,Ahsen,99
10392,NV_158.mp4,Ahsen,99
10402,NV_167.mp4,Ahsen,99
10404,NV_169.mp4,Ahsen,99
10419,NV_182.mp4,Ahsen,99
10424,NV_187.mp4,Ahsen,99
10435,NV_197.mp4,Ahsen,99
10436,NV_198.mp4,Ahsen,99
10448,NV_208.mp4,Ahsen,99
10449,NV_209.mp4,Ahsen,99
10457,NV_216.mp4,Ahsen,99
10461,NV_22.mp4,Ahsen,99
10464,NV_222.mp4,Ahsen,99
10478,NV_235.mp4,Ahsen,99
10494,NV_25.mp4,Ahsen,99
10495,NV_250.mp4,Ahsen,99
10497,NV_252.mp4,Ahsen,99
10498,NV_253.mp4,Ahsen,99
10503,NV_258.mp4,Ahsen,99
10504,NV_259.mp4,Ahsen,99
10506,NV_260.mp4,Ahsen,99
10509,NV_263.mp4,Ahsen,99
10527,NV_28.mp4,Ahsen,99
10530,NV_282.mp4,Ahsen,99
10532,NV_284.mp4,Ahsen,99
10539,NV_29.mp4,Ahsen,99
10546,NV_296.mp4,Ahsen,99
10550,NV_3.mp4,Ahsen,99
10557,NV_305_slice0.mp4,Ahsen,99
10567,NV_314.mp4,Ahsen,99
10572,NV_319.mp4,Ahsen,99
10582,NV_328.mp4,Ahsen,99
10588,NV_333.mp4,Ahsen,99
10592,NV_337.mp4,Ahsen,99
10593,NV_338_slice0.mp4,Ahsen,99
10602,NV_345.mp4,Ahsen,99
10611,NV_352.mp4,Ahsen,99
10619,NV_36.mp4,Ahsen,99
10629,NV_369.mp4,Ahsen,99
10635,NV_374.mp4,Ahsen,99
10638,NV_377.mp4,Ahsen,99
10641,NV_38.mp4,Ahsen,99
10651,NV_39.mp4,Ahsen,99
10668,NV_404.mp4,Ahsen,99
10681,NV_416.mp4,Ahsen,99
10684,NV_419.mp4,Ahsen,99
10685,NV_42.mp4,Ahsen,99
10691,NV_425.mp4,Ahsen,99
10700,NV_433.mp4,Ahsen,99
10716,NV_448.mp4,Ahsen,99
10727,NV_459.mp4,Ahsen,99
10729,NV_460.mp4,Ahsen,99
10733,NV_464.mp4,Ahsen,99
10737,NV_468.mp4,Ahsen,99
10742,NV_472.mp4,Ahsen,99
10746,NV_476.mp4,Ahsen,99
10749,NV_479.mp4,Ahsen,99
10750,NV_48.mp4,Ahsen,99
10751,NV_480.mp4,Ahsen,99
10752,NV_481.mp4,Ahsen,99
10779,NV_505.mp4,Ahsen,99
10783,NV_509.mp4,Ahsen,99
10790,NV_515.mp4,Ahsen,99
10796,NV_520.mp4,Ahsen,99
10809,NV_532.mp4,Ahsen,99
10822,NV_544.mp4,Ahsen,99
10824,NV_546.mp4,Ahsen,99
10826,NV_548.mp4,Ahsen,99
10829,NV_550.mp4,Ahsen,99
10832,NV_553.mp4,Ahsen,99
10854,NV_573.mp4,Ahsen,99
10855,NV_574.mp4,Ahsen,99
10858,NV_577.mp4,Ahsen,99
10865,NV_583.mp4,Ahsen,99
10867,NV_585.mp4,Ahsen,99
10868,NV_586.mp4,Ahsen,99
10878,NV_595.mp4,Ahsen,99
10880,NV_597.mp4,Ahsen,99
10882,NV_599.mp4,Ahsen,99
10890,NV_605.mp4,Ahsen,99
10894,NV_609.mp4,Ahsen,99
10896,NV_610.mp4,Ahsen,99
10903,NV_617.mp4,Ahsen,99
10915,NV_628.mp4,Ahsen,99
10922,NV_634.mp4,Ahsen,99
10926,NV_638.mp4,Ahsen,99
10927,NV_639.mp4,Ahsen,99
10928,NV_64.mp4,Ahsen,99
10930,NV_641.mp4,Ahsen,99
10939,NV_65.mp4,Ahsen,99
10942,NV_652.mp4,Ahsen,99
10946,NV_656.mp4,Ahsen,99
10948,NV_658.mp4,Ahsen,99
10951,NV_660.mp4,Ahsen,99
10964,NV_672.mp4,Ahsen,99
10969,NV_677.mp4,Ahsen,99
10971,NV_679.mp4,Ahsen,99
10983,NV_69.mp4,Ahsen,99
10987,NV_693.mp4,Ahsen,99
10993,NV_699.mp4,Ahsen,99
10996,NV_700.mp4,Ahsen,99
10998,NV_702.mp4,Ahsen,99
11004,NV_708.mp4,Ahsen,99
11007,NV_710.mp4,Ahsen,99
11011,NV_714.mp4,Ahsen,99
11012,NV_715.mp4,Ahsen,99
11019,NV_721.mp4,Ahsen,99
11023,NV_725.mp4,Ahsen,99
11041,NV_739_slice0.mp4,Ahsen,99
11043,NV_740.mp4,Ahsen,99
11055,NV_751.mp4,Ahsen,99
11057,NV_753.mp4,Ahsen,99
11063,NV_759.mp4,Ahsen,99
11066,NV_761_slice0.mp4,Ahsen,99
11078,NV_771.mp4,Ahsen,99
11088,NV_780.mp4,Ahsen,99
11112,NV_801.mp4,Ahsen,99
11117,NV_806.mp4,Ahsen,99
11123,NV_811.mp4,Ahsen,99
11127,NV_815.mp4,Ahsen,99
11130,NV_818.mp4,Ahsen,99
11131,NV_819.mp4,Ahsen,99
11137,NV_824.mp4,Ahsen,99
11138,NV_825.mp4,Ahsen,99
11141,NV_828.mp4,Ahsen,99
11146,NV_832.mp4,Ahsen,99
11147,NV_833.mp4,Ahsen,99
11157,NV_842.mp4,Ahsen,99
11160,NV_845.mp4,Ahsen,99
11162,NV_847.mp4,Ahsen,99
11168,NV_852.mp4,Ahsen,99
11169,NV_853.mp4,Ahsen,99
11183,NV_866.mp4,Ahsen,99
11187,NV_87.mp4,Ahsen,99
11194,NV_876.mp4,Ahsen,99
11199,NV_880.mp4,Ahsen,99
11211,NV_891.mp4,Ahsen,99
11228,NV_906.mp4,Ahsen,99
11229,NV_907.mp4,Ahsen,99
11233,NV_910.mp4,Ahsen,99
11247,NV_923.mp4,Ahsen,99
11262,NV_94.mp4,Ahsen,99
11276,NV_952.mp4,Ahsen,99
11283,NV_959.mp4,Ahsen,99
11284,NV_96_slice0.mp4,Ahsen,99
11309,NV_982.mp4,Ahsen,99
11320,NV_992_slice0.mp4,Ahsen,99
11327,NV_992_slice125.mp4,Ahsen,99
11330,NV_992_slice140.mp4,Ahsen,99
11335,NV_992_slice160.mp4,Ahsen,99
11340,NV_992_slice25.mp4,Ahsen,99
11343,NV_992_slice40.mp4,Ahsen,99
11363,NV_999_slice0.mp4,Ahsen,99
11364,NV_999_slice5.mp4,Ahsen,99
11365,PutHandsUp_slice0.mp4,Ahsen,99
11377,PutHandsUp_slice15.mp4,Ahsen,99
11378,PutHandsUp_slice150.mp4,Ahsen,99
11383,PutHandsUp_slice30.mp4,Ahsen,99
11384,PutHandsUp_slice35.mp4,Ahsen,99
11387,PutHandsUp_slice5.mp4,Ahsen,99
11408,SouthAmericanDrumline_slice140.mp4,Ahsen,99
11409,SouthAmericanDrumline_slice145.mp4,Ahsen,99
11414,SouthAmericanDrumline_slice165.mp4,Ahsen,99
11419,SouthAmericanDrumline_slice30.mp4,Ahsen,99
11420,SouthAmericanDrumline_slice35.mp4,Ahsen,99
11422,SouthAmericanDrumline_slice45.mp4,Ahsen,99
11430,SouthAmericanDrumline_slice80.mp4,Ahsen,99
11431,SouthAmericanDrumline_slice85.mp4,Ahsen,99
11432,SouthAmericanDrumline_slice90.mp4,Ahsen,99
11433,SouthAmericanDrumline_slice95.mp4,Ahsen,99
11434,US_NC_asheville_drum_circle_slice0.mp4,Ahsen,99
11441,US_NC_asheville_drum_circle_slice125.mp4,Ahsen,99
11449,US_NC_asheville_drum_circle_slice160.mp4,Ahsen,99
11454,US_NC_asheville_drum_circle_slice185.mp4,Ahsen,99
11460,US_NC_asheville_drum_circle_slice210.mp4,Ahsen,99
11461,US_NC_asheville_drum_circle_slice215.mp4,Ahsen,99
11466,US_NC_asheville_drum_circle_slice240.mp4,Ahsen,99
11468,US_NC_asheville_drum_circle_slice25.mp4,Ahsen,99
11473,US_NC_asheville_drum_circle_slice270.mp4,Ahsen,99
11481,US_NC_asheville_drum_circle_slice305.mp4,Ahsen,99
11493,US_NC_asheville_drum_circle_slice360.mp4,Ahsen,99
11509,US_NC_asheville_drum_circle_slice435.mp4,Ahsen,99
11512,US_NC_asheville_drum_circle_slice45.mp4,Ahsen,99
11514,US_NC_asheville_drum_circle_slice455.mp4,Ahsen,99
11518,US_NC_asheville_drum_circle_slice475.mp4,Ahsen,99
11520,US_NC_asheville_drum_circle_slice485.mp4,Ahsen,99
11521,US_NC_asheville_drum_circle_slice490.mp4,Ahsen,99
11523,US_NC_asheville_drum_circle_slice5.mp4,Ahsen,99
11526,US_NC_asheville_drum_circle_slice505.mp4,Ahsen,99
11530,US_NC_asheville_drum_circle_slice525.mp4,Ahsen,99
11541,US_NC_asheville_drum_circle_slice575.mp4,Ahsen,99
11544,US_NC_asheville_drum_circle_slice590.mp4,Ahsen,99
11563,US_NC_asheville_drum_circle_slice675.mp4,Ahsen,99
11570,US_NC_asheville_drum_circle_slice705.mp4,Ahsen,99
11573,US_NC_asheville_drum_circle_slice720.mp4,Ahsen,99
11574,US_NC_asheville_drum_circle_slice725.mp4,Ahsen,99
11580,US_NC_asheville_drum_circle_slice750.mp4,Ahsen,99
11585,US_NC_asheville_drum_circle_slice775.mp4,Ahsen,99
11589,US_NC_asheville_drum_circle_slice795.mp4,Ahsen,99
11598,US_NC_asheville_drum_circle_slice835.mp4,Ahsen,99
11600,US_NC_asheville_drum_circle_slice845.mp4,Ahsen,99
11613,US_NC_asheville_drum_circle_slice900.mp4,Ahsen,99
11630,V_111.mp4,Ahsen,99
11632,V_113_slice0.mp4,Ahsen,99
11639,V_12.mp4,Ahsen,99
11642,V_122.mp4,Ahsen,99
11644,V_124_slice0.mp4,Ahsen,99
11646,V_126_slice0.mp4,Ahsen,99
11652,V_132_slice0.mp4,Ahsen,99
11655,V_135_slice0.mp4,Ahsen,99
11656,V_136_slice0.mp4,Ahsen,99
11662,V_140_slice0.mp4,Ahsen,99
11666,V_143_slice0.mp4,Ahsen,99
11670,V_146_slice0.mp4,Ahsen,99
11676,V_150_slice0.mp4,Ahsen,99
11677,V_151_slice0.mp4,Ahsen,99
11681,V_155_slice0.mp4,Ahsen,99
11693,V_166.mp4,Ahsen,99
11698,V_17_slice5.mp4,Ahsen,99
11707,V_178.mp4,Ahsen,99
11709,V_18.mp4,Ahsen,99
11714,V_184_slice0.mp4,Ahsen,99
11715,V_185_slice0.mp4,Ahsen,99
11736,V_205_slice0.mp4,Ahsen,99
11742,V_210_slice0.mp4,Ahsen,99
11754,V_221_slice0.mp4,Ahsen,99
11756,V_223_slice0.mp4,Ahsen,99
11759,V_226_slice0.mp4,Ahsen,99
11768,V_236_slice0.mp4,Ahsen,99
11770,V_238_slice0.mp4,Ahsen,99
11773,V_24_slice5.mp4,Ahsen,99
11776,V_242.mp4,Ahsen,99
11780,V_246.mp4,Ahsen,99
11781,V_247.mp4,Ahsen,99
11782,V_248.mp4,Ahsen,99
11788,V_253_slice0.mp4,Ahsen,99
11789,V_255_slice0.mp4,Ahsen,99
11795,V_261.mp4,Ahsen,99
11798,V_265.mp4,Ahsen,99
11803,V_27_slice0.mp4,Ahsen,99
11807,V_273.mp4,Ahsen,99
11808,V_274.mp4,Ahsen,99
11817,V_283_slice0.mp4,Ahsen,99
11819,V_285_slice0.mp4,Ahsen,99
11825,V_291.mp4,Ahsen,99
11832,V_298_slice0.mp4,Ahsen,99
11834,V_3_slice0.mp4,Ahsen,99
11835,V_3_slice5.mp4,Ahsen,99
11847,V_308_slice0.mp4,Ahsen,99
11851,V_311.mp4,Ahsen,99
11852,V_312.mp4,Ahsen,99
11853,V_313_slice0.mp4,Ahsen,99
11854,V_314_slice0.mp4,Ahsen,99
11855,V_315_slice0.mp4,Ahsen,99
11858,V_318.mp4,Ahsen,99
11860,V_32.mp4,Ahsen,99
11862,V_321.mp4,Ahsen,99
11867,V_327.mp4,Ahsen,99
11883,V_341_slice0.mp4,Ahsen,99
11892,V_349_slice0.mp4,Ahsen,99
11904,V_358_slice5.mp4,Ahsen,99
11906,V_359_slice5.mp4,Ahsen,99
11909,V_360_slice5.mp4,Ahsen,99
11910,V_361_slice0.mp4,Ahsen,99
11917,V_369.mp4,Ahsen,99
11918,V_37.mp4,Ahsen,99
11922,V_373_slice0.mp4,Ahsen,99
11923,V_374_slice0.mp4,Ahsen,99
11928,V_377_slice5.mp4,Ahsen,99
11932,V_380.mp4,Ahsen,99
11935,V_383.mp4,Ahsen,99
11938,V_386_slice0.mp4,Ahsen,99
11940,V_388.mp4,Ahsen,99
11941,V_389.mp4,Ahsen,99
11942,V_39.mp4,Ahsen,99
11943,V_390.mp4,Ahsen,99
11945,V_392.mp4,Ahsen,99
11946,V_393.mp4,Ahsen,99
11947,V_394.mp4,Ahsen,99
11953,V_40.mp4,Ahsen,99
11957,V_403.mp4,Ahsen,99
11963,V_409.mp4,Ahsen,99
11969,V_413.mp4,Ahsen,99
11970,V_414.mp4,Ahsen,99
11972,V_416.mp4,Ahsen,99
11982,V_426.mp4,Ahsen,99
12013,V_454.mp4,Ahsen,99
12015,V_456.mp4,Ahsen,99
12017,V_458.mp4,Ahsen,99
12019,V_46.mp4,Ahsen,99
12023,V_462_slice5.mp4,Ahsen,99
12028,V_467.mp4,Ahsen,99
12037,V_475.mp4,Ahsen,99
12040,V_478.mp4,Ahsen,99
12042,V_480.mp4,Ahsen,99
12043,V_481.mp4,Ahsen,99
12047,V_485_slice0.mp4,Ahsen,99
12048,V_486.mp4,Ahsen,99
12054,V_491.mp4,Ahsen,99
12056,V_493.mp4,Ahsen,99
12063,V_5.mp4,Ahsen,99
12072,V_507.mp4,Ahsen,99
12074,V_509.mp4,Ahsen,99
12075,V_51_slice0.mp4,Ahsen,99
12079,V_513.mp4,Ahsen,99
12089,V_521.mp4,Ahsen,99
12091,V_523.mp4,Ahsen,99
12093,V_525.mp4,Ahsen,99
12097,V_53.mp4,Ahsen,99
12098,V_530_slice0.mp4,Ahsen,99
12100,V_532_slice0.mp4,Ahsen,99
12103,V_535_slice0.mp4,Ahsen,99
12111,V_542_slice0.mp4,Ahsen,99
12114,V_545_slice0.mp4,Ahsen,99
12115,V_546_slice0.mp4,Ahsen,99
12119,V_55_slice0.mp4,Ahsen,99
12122,V_552_slice0.mp4,Ahsen,99
12124,V_554_slice0.mp4,Ahsen,99
12135,V_565_slice0.mp4,Ahsen,99
12137,V_567_slice0.mp4,Ahsen,99
12138,V_568_slice0.mp4,Ahsen,99
12144,V_573_slice0.mp4,Ahsen,99
12146,V_575_slice0.mp4,Ahsen,99
12153,V_581_slice0.mp4,Ahsen,99
12154,V_582_slice0.mp4,Ahsen,99
12155,V_583_slice0.mp4,Ahsen,99
12158,V_586_slice0.mp4,Ahsen,99
12161,V_59_slice0.mp4,Ahsen,99
12170,V_598_slice0.mp4,Ahsen,99
12178,V_604_slice0.mp4,Ahsen,99
12181,V_607_slice0.mp4,Ahsen,99
12182,V_608_slice0.mp4,Ahsen,99
12189,V_614_slice0.mp4,Ahsen,99
12190,V_615_slice0.mp4,Ahsen,99
12202,V_626.mp4,Ahsen,99
12203,V_627.mp4,Ahsen,99
12215,V_637.mp4,Ahsen,99
12223,V_644.mp4,Ahsen,99
12224,V_645.mp4,Ahsen,99
12227,V_648.mp4,Ahsen,99
12242,V_661.mp4,Ahsen,99
12246,V_665.mp4,Ahsen,99
12251,V_67.mp4,Ahsen,99
12256,V_674.mp4,Ahsen,99
12260,V_678.mp4,Ahsen,99
12262,V_68.mp4,Ahsen,99
12272,V_689.mp4,Ahsen,99
12283,V_699.mp4,Ahsen,99
12293,V_708.mp4,Ahsen,99
12305,V_719.mp4,Ahsen,99
12310,V_723.mp4,Ahsen,99
12321,V_733.mp4,Ahsen,99
12331,V_742.mp4,Ahsen,99
12332,V_743.mp4,Ahsen,99
12333,V_744.mp4,Ahsen,99
12335,V_747.mp4,Ahsen,99
12341,V_752.mp4,Ahsen,99
12349,V_76.mp4,Ahsen,99
12356,V_766.mp4,Ahsen,99
12363,V_772.mp4,Ahsen,99
12376,V_785_slice0.mp4,Ahsen,99
12377,V_786_slice0.mp4,Ahsen,99
12384,V_789_slice115.mp4,Ahsen,99
12395,V_789_slice165.mp4,Ahsen,99
12400,V_789_slice190.mp4,Ahsen,99
12406,V_789_slice215.mp4,Ahsen,99
12413,V_789_slice25.mp4,Ahsen,99
12414,V_789_slice250.mp4,Ahsen,99
12415,V_789_slice255.mp4,Ahsen,99
12418,V_789_slice270.mp4,Ahsen,99
12419,V_789_slice275.mp4,Ahsen,99
12420,V_789_slice280.mp4,Ahsen,99
12424,V_789_slice30.mp4,Ahsen,99
12425,V_789_slice300.mp4,Ahsen,99
12431,V_789_slice330.mp4,Ahsen,99
12437,V_789_slice355.mp4,Ahsen,99
12448,V_789_slice70.mp4,Ahsen,99
12450,V_789_slice80.mp4,Ahsen,99
12458,V_793.mp4,Ahsen,99
12463,V_798.mp4,Ahsen,99
12464,V_799.mp4,Ahsen,99
12469,V_802_slice0.mp4,Ahsen,99
12471,V_803_slice0.mp4,Ahsen,99
12473,V_805_slice0.mp4,Ahsen,99
12493,V_825_slice5.mp4,Ahsen,99
12494,V_826.mp4,Ahsen,99
12496,V_828.mp4,Ahsen,99
12502,V_834.mp4,Ahsen,99
12506,V_838_slice0.mp4,Ahsen,99
12512,V_843.mp4,Ahsen,99
12514,V_845.mp4,Ahsen,99
12520,V_850_slice0.mp4,Ahsen,99
12527,V_857.mp4,Ahsen,99
12529,V_859.mp4,Ahsen,99
12537,V_866.mp4,Ahsen,99
12540,V_869.mp4,Ahsen,99
12552,V_88.mp4,Ahsen,99
12559,V_886_slice0.mp4,Ahsen,99
12561,V_888.mp4,Ahsen,99
12575,V_90.mp4,Ahsen,99
12578,V_902_slice0.mp4,Ahsen,99
12580,V_903.mp4,Ahsen,99
12581,V_904_slice0.mp4,Ahsen,99
12593,V_916.mp4,Ahsen,99
12597,V_92.mp4,Ahsen,99
12607,V_93_slice0.mp4,Ahsen,99
12613,V_934.mp4,Ahsen,99
12631,V_950.mp4,Ahsen,99
12633,V_952.mp4,Ahsen,99
12643,V_96.mp4,Ahsen,99
12658,V_974_slice0.mp4,Ahsen,99
12670,V_985.mp4,Ahsen,99
12678,V_992.mp4,Ahsen,99
12684,V_998.mp4,Ahsen,99
12686,Wisla_Krakow_vs_police_with_shotguns__Maras1944__-9ALdyhotOo_slice0.mp4,Ahsen,99
12691,balcony_football__birmingham_promoted_to_premier_from_balcony_town_hall__clippo67_.mp4,Ahsen,99
12693,balcony_football_violence__British_Football_Hooligans_Mix_1__MorningGlory1997__pn6CNLi3UhA.mp4,Ahsen,99
12696,balcony_football_violence__Football_Hooligans_Oxford_Utd_v_Aston_Villa_2002__MorningGlory1997__bWY8AQIFYXM.mp4,Ahsen,99
12698,balcony_football_violence__Football_Violence_Gais_AIK_2005__spliffpolitics__e4xiTNkfN0U.mp4,Ahsen,99
12707,councilman_protesters_argue_slice45.mp4,Ahsen,99
12715,crowd_violence__Occupy_Cal_video_Police_brutally_beat_arrest_Berkeley_students__RussiaToday__B_f06VQOkI4_slice10.mp4,Ahsen,99
12717,crowd_violence__Occupy_Cal_video_Police_brutally_beat_arrest_Berkeley_students__RussiaToday__B_f06VQOkI4_slice5.mp4,Ahsen,99
12719,crowd_violence__Rostock_Anti_G8_Demo_Police_Violence__erikaransom__f185olt6W4I.mp4,Ahsen,99
12726,disneyland_fistfight_slice35.mp4,Ahsen,99
12729,disneyland_fistfight_slice5.mp4,Ahsen,99
12737,downward_strike_punches_slice0.mp4,Ahsen,99
12762,downward_strike_punches_slice1100.mp4,Ahsen,99
12765,downward_strike_punches_slice1115.mp4,Ahsen,99
12781,downward_strike_punches_slice1190.mp4,Ahsen,99
12794,downward_strike_punches_slice125.mp4,Ahsen,99
12807,downward_strike_punches_slice1305.mp4,Ahsen,99
12809,downward_strike_punches_slice1315.mp4,Ahsen,99
12811,downward_strike_punches_slice1325.mp4,Ahsen,99
12814,downward_strike_punches_slice1340.mp4,Ahsen,99
12818,downward_strike_punches_slice1355.mp4,Ahsen,99
12823,downward_strike_punches_slice1380.mp4,Ahsen,99
12828,downward_strike_punches_slice1400.mp4,Ahsen,99
12837,downward_strike_punches_slice1445.mp4,Ahsen,99
12841,downward_strike_punches_slice1460.mp4,Ahsen,99
12860,downward_strike_punches_slice1545.mp4,Ahsen,99
12862,downward_strike_punches_slice1550.mp4,Ahsen,99
12868,downward_strike_punches_slice1580.mp4,Ahsen,99
12873,downward_strike_punches_slice1600.mp4,Ahsen,99
12874,downward_strike_punches_slice1605.mp4,Ahsen,99
12878,downward_strike_punches_slice1625.mp4,Ahsen,99
12879,downward_strike_punches_slice1630.mp4,Ahsen,99
12880,downward_strike_punches_slice1635.mp4,Ahsen,99
12887,downward_strike_punches_slice185.mp4,Ahsen,99
12894,downward_strike_punches_slice215.mp4,Ahsen,99
12896,downward_strike_punches_slice225.mp4,Ahsen,99
12899,downward_strike_punches_slice240.mp4,Ahsen,99
12913,downward_strike_punches_slice300.mp4,Ahsen,99
12914,downward_strike_punches_slice305.mp4,Ahsen,99
12919,downward_strike_punches_slice330.mp4,Ahsen,99
12920,downward_strike_punches_slice335.mp4,Ahsen,99
12925,downward_strike_punches_slice355.mp4,Ahsen,99
12928,downward_strike_punches_slice370.mp4,Ahsen,99
12932,downward_strike_punches_slice390.mp4,Ahsen,99
12935,downward_strike_punches_slice400.mp4,Ahsen,99
12936,downward_strike_punches_slice405.mp4,Ahsen,99
12951,downward_strike_punches_slice475.mp4,Ahsen,99
12954,downward_strike_punches_slice490.mp4,Ahsen,99
12958,downward_strike_punches_slice500.mp4,Ahsen,99
12961,downward_strike_punches_slice515.mp4,Ahsen,99
12968,downward_strike_punches_slice55.mp4,Ahsen,99
12978,downward_strike_punches_slice595.mp4,Ahsen,99
12980,downward_strike_punches_slice600.mp4,Ahsen,99
12982,downward_strike_punches_slice610.mp4,Ahsen,99
12984,downward_strike_punches_slice620.mp4,Ahsen,99
12991,downward_strike_punches_slice650.mp4,Ahsen,99
12995,downward_strike_punches_slice670.mp4,Ahsen,99
12999,downward_strike_punches_slice690.mp4,Ahsen,99
13006,downward_strike_punches_slice720.mp4,Ahsen,99
13019,downward_strike_punches_slice780.mp4,Ahsen,99
13046,downward_strike_punches_slice900.mp4,Ahsen,99
13049,downward_strike_punches_slice915.mp4,Ahsen,99
13051,downward_strike_punches_slice925.mp4,Ahsen,99
13053,downward_strike_punches_slice935.mp4,Ahsen,99
13065,downward_strike_punches_slice990.mp4,Ahsen,99
13068,fans_violence__BRANNIK_Football_Violence_CSKA__Arpecua__gew9Ks_9VRU.mp4,Ahsen,99
13075,fans_violence__Football_Hooligans_Watford_v_Luton_2002_Version_1__MorningGlory1997__vLOTaR9eMlg_slice10.mp4,Ahsen,99
13079,fans_violence__Football_Violence_From_England_And_Netherlands__spliffpolitics__anRuF6MBO-s.mp4,Ahsen,99
13088,fans_violence__Hockey_Fights_and_Fan_Brawls__dsnitris2007__XinJCGR7u6w.mp4,Ahsen,99
13095,fans_violence__Tigers_Yob_Violence_Hull_Daily_Mail__AllMail__J_znZ1TJugw.mp4,Ahsen,99
13109,fast_punch_drill_slice120.mp4,Ahsen,99
13118,fast_punch_drill_slice160.mp4,Ahsen,99
13122,fast_punch_drill_slice180.mp4,Ahsen,99
13124,fast_punch_drill_slice190.mp4,Ahsen,99
13127,fast_punch_drill_slice200.mp4,Ahsen,99
13138,fast_punch_drill_slice55.mp4,Ahsen,99
13158,female_makeup_artist_client_slice145.mp4,Ahsen,99
13173,female_makeup_artist_client_slice5.mp4,Ahsen,99
13203,football_crowds__New_Mexico_Men_s_Soccer_Crowd_Atmosphere__menslobosoccer__us9aHz.mp4,Ahsen,99
13210,football_crowds_cheering__9697_stadium_crowds__oddballfilmvideo__4onlltf20tE.mp4,Ahsen,99
13212,football_crowds_cheering__Alabama_vs_San_Jose_State__marlincaddell__RqdBKczKyA4.mp4,Ahsen,99
13218,football_crowds_cheering__Cal_Beats_Stanford_Big_Game_2002_short_low_res_version__belmonto.mp4,Ahsen,99
13220,football_crowds_cheering__Cheering_EAHS_JV_Win__GoAlvarezEagles__Ya-N2JawEyc.mp4,Ahsen,99
13225,football_crowds_cheering__Day_254_of_2010_Washington_Huskies_First_Half__shinystuffff__H3x.mp4,Ahsen,99
13230,football_crowds_cheering__Hajduk_Split_vs_Dinamo_Zagreb_28_May_2009_Croatia_Cup_Final__jay.mp4,Ahsen,99
13236,football_crowds_cheering__Jacksonville_Jaguar_Promo__joshlee1090__jIoVPOVXuww.mp4,Ahsen,99
13238,football_crowds_cheering__Jon_and_JJ_The_Elder_Crowd__jonandjj__NCFv0XMyvUk.mp4,Ahsen,99
13240,football_crowds_cheering__Kickoff_in_Camp_Randall__spt414__bEZahnaRpmQ.mp4,Ahsen,99
13250,football_crowds_cheering__Sunderland_Goal_against_Wigan__adamfearman__yXSc-kCWBjY.mp4,Ahsen,99
13261,football_crowds_cheering__Varsity_Football_Conestoga_at_Ridley__Varsity365__wR3tNpXRcYg.mp4,Ahsen,99
13272,football_violence__A_Town_Called_Football_by_Nil_Satis__louderthanyourface__Ptvoh4L_FxY.mp4,Ahsen,99
13276,football_violence__Brutal_fight_of_the_hooligans_in_Europe_Switzerland__CocaineBaron__VmPNqxBRRIQ_slice10.mp4,Ahsen,99
13284,football_violence__Danish_Hooligans_Exclusive_video__MosquitoTheRapist__t9IYNex9Nn4_slice5.mp4,Ahsen,99
13288,football_violence__FUCK_YOU_FOOTBALL_HOOLIGANS_RUSSIA_and_UKRAINE_part1__W00FAM__DB.mp4,Ahsen,99
13293,football_violence__Football_Hooligans_Carlisle_v_Preston_1993__prestonparasoccer__JfLHSqKm9zg_slice15.mp4,Ahsen,99
13308,football_violence__Football_Hooligans_Watford_v_Luton_2002_Version_1__MorningGlory1997__vLOTaR9eMlg_slice0.mp4,Ahsen,99
13310,football_violence__Football_Soccer_Hooligans_Movie_Scenes__mclarenfan04__KHP6fQdrFlE.mp4,Ahsen,99
13316,football_violence__Footballs_Blood_Sport_prt_1__Tramppercy__WSCF2iLuRyk.mp4,Ahsen,99
13324,football_violence__baseball_hockey_football_soccer_violence__Zetrom69__aQ5nh4xRak0.mp4,Ahsen,99
13333,greek_hooligans_vol_1__PAETHRAKI__ymAyfKkdSVU_slice0.mp4,Ahsen,99
13337,groomsmen_dance_slice100.mp4,Ahsen,99
13338,groomsmen_dance_slice105.mp4,Ahsen,99
13340,groomsmen_dance_slice115.mp4,Ahsen,99
13356,groomsmen_dance_slice190.mp4,Ahsen,99
13364,groomsmen_dance_slice225.mp4,Ahsen,99
13379,groomsmen_dance_slice295.mp4,Ahsen,99
13387,groomsmen_dance_slice330.mp4,Ahsen,99
13389,groomsmen_dance_slice340.mp4,Ahsen,99
13391,groomsmen_dance_slice35.mp4,Ahsen,99
13396,groomsmen_dance_slice370.mp4,Ahsen,99
13401,groomsmen_dance_slice395.mp4,Ahsen,99
13408,groomsmen_dance_slice425.mp4,Ahsen,99
13416,groomsmen_dance_slice75.mp4,Ahsen,99
13420,groomsmen_dance_slice95.mp4,Ahsen,99
13421,group_violence__group_violence__football_violence__aliiie__qfKD35PYwok.mp4,Ahsen,99
13425,grownManPunchesPinata_slice20.mp4,Ahsen,99
13439,heavy_bag_drills_slice140.mp4,Ahsen,99
13454,heavy_bag_drills_slice205.mp4,Ahsen,99
13478,heavy_bag_drills_slice315.mp4,Ahsen,99
13481,heavy_bag_drills_slice330.mp4,Ahsen,99
13487,heavy_bag_drills_slice355.mp4,Ahsen,99
13490,heavy_bag_drills_slice370.mp4,Ahsen,99
13493,heavy_bag_drills_slice385.mp4,Ahsen,99
13497,heavy_bag_drills_slice400.mp4,Ahsen,99
13500,heavy_bag_drills_slice415.mp4,Ahsen,99
13513,heavy_bag_drills_slice475.mp4,Ahsen,99
13522,heavy_bag_drills_slice75.mp4,Ahsen,99
13534,hook_punch_power_slice125.mp4,Ahsen,99
13538,hook_punch_power_slice145.mp4,Ahsen,99
13541,hook_punch_power_slice155.mp4,Ahsen,99
13542,hook_punch_power_slice160.mp4,Ahsen,99
13549,hook_punch_power_slice195.mp4,Ahsen,99
13552,hook_punch_power_slice205.mp4,Ahsen,99
13557,hook_punch_power_slice230.mp4,Ahsen,99
13565,hook_punch_power_slice265.mp4,Ahsen,99
13578,hook_punch_power_slice325.mp4,Ahsen,99
13581,hook_punch_power_slice40.mp4,Ahsen,99
13582,hook_punch_power_slice45.mp4,Ahsen,99
13599,how_to_punch_7_basics_slice115.mp4,Ahsen,99
13600,how_to_punch_7_basics_slice120.mp4,Ahsen,99
13609,how_to_punch_7_basics_slice160.mp4,Ahsen,99
13613,how_to_punch_7_basics_slice180.mp4,Ahsen,99
13614,how_to_punch_7_basics_slice185.mp4,Ahsen,99
13616,how_to_punch_7_basics_slice195.mp4,Ahsen,99
13617,how_to_punch_7_basics_slice20.mp4,Ahsen,99
13618,how_to_punch_7_basics_slice200.mp4,Ahsen,99
13623,how_to_punch_7_basics_slice225.mp4,Ahsen,99
13640,how_to_punch_7_basics_slice300.mp4,Ahsen,99
13644,how_to_punch_7_basics_slice45.mp4,Ahsen,99
13645,how_to_punch_7_basics_slice5.mp4,Ahsen,99
13657,how_to_punch_hard_fast_slice10.mp4,Ahsen,99
13659,how_to_punch_hard_fast_slice105.mp4,Ahsen,99
13666,how_to_punch_hard_fast_slice140.mp4,Ahsen,99
13681,how_to_punch_hard_fast_slice205.mp4,Ahsen,99
13691,how_to_punch_hard_fast_slice35.mp4,Ahsen,99
13693,how_to_punch_hard_fast_slice45.mp4,Ahsen,99
13704,how_to_punch_hard_fast_slice95.mp4,Ahsen,99
13707,how_to_strike_max_power_slice100.mp4,Ahsen,99
13710,how_to_strike_max_power_slice115.mp4,Ahsen,99
13718,how_to_strike_max_power_slice150.mp4,Ahsen,99
13720,how_to_strike_max_power_slice160.mp4,Ahsen,99
13723,how_to_strike_max_power_slice175.mp4,Ahsen,99
13729,how_to_strike_max_power_slice200.mp4,Ahsen,99
13744,how_to_strike_max_power_slice270.mp4,Ahsen,99
13746,how_to_strike_max_power_slice280.mp4,Ahsen,99
13759,how_to_strike_max_power_slice340.mp4,Ahsen,99
13762,how_to_strike_max_power_slice350.mp4,Ahsen,99
13765,how_to_strike_max_power_slice365.mp4,Ahsen,99
13769,how_to_strike_max_power_slice385.mp4,Ahsen,99
13776,how_to_strike_max_power_slice415.mp4,Ahsen,99
13778,how_to_strike_max_power_slice425.mp4,Ahsen,99
13790,how_to_strike_max_power_slice480.mp4,Ahsen,99
13793,how_to_strike_max_power_slice495.mp4,Ahsen,99
13801,how_to_strike_max_power_slice530.mp4,Ahsen,99
13812,how_to_strike_max_power_slice580.mp4,Ahsen,99
13815,how_to_strike_max_power_slice595.mp4,Ahsen,99
13819,how_to_strike_max_power_slice610.mp4,Ahsen,99
13832,how_to_strike_max_power_slice670.mp4,Ahsen,99
13837,how_to_strike_max_power_slice695.mp4,Ahsen,99
13842,how_to_strike_max_power_slice715.mp4,Ahsen,99
13859,how_to_strike_max_power_slice795.mp4,Ahsen,99
13870,how_to_strike_max_power_slice845.mp4,Ahsen,99
13875,how_to_strike_max_power_slice865.mp4,Ahsen,99
13883,kicks_line_dance_slice115.mp4,Ahsen,99
13887,kicks_line_dance_slice135.mp4,Ahsen,99
13889,kicks_line_dance_slice145.mp4,Ahsen,99
13908,kicks_line_dance_slice55.mp4,Ahsen,99
13909,kicks_line_dance_slice60.mp4,Ahsen,99
13912,kicks_line_dance_slice75.mp4,Ahsen,99
13914,kicks_line_dance_slice85.mp4,Ahsen,99
13916,kicks_line_dance_slice95.mp4,Ahsen,99
13923,male_makeup_artist_client_slice120.mp4,Ahsen,99
13928,male_makeup_artist_client_slice145.mp4,Ahsen,99
13934,male_makeup_artist_client_slice170.mp4,Ahsen,99
13938,male_makeup_artist_client_slice190.mp4,Ahsen,99
13945,male_makeup_artist_client_slice220.mp4,Ahsen,99
13950,male_makeup_artist_client_slice245.mp4,Ahsen,99
13954,male_makeup_artist_client_slice35.mp4,Ahsen,99
13957,male_makeup_artist_client_slice5.mp4,Ahsen,99
13959,male_makeup_artist_client_slice55.mp4,Ahsen,99
13971,marine_punches_navy_corpsman_slice20.mp4,Ahsen,99
13974,marine_punches_navy_corpsman_slice35.mp4,Ahsen,99
13979,mitt_drill_slice0.mp4,Ahsen,99
13992,mitt_drill_slice150.mp4,Ahsen,99
13996,mitt_drill_slice170.mp4,Ahsen,99
14004,mitt_drill_slice205.mp4,Ahsen,99
14007,mitt_drill_slice220.mp4,Ahsen,99
14017,mitt_drill_slice265.mp4,Ahsen,99
14019,mitt_drill_slice275.mp4,Ahsen,99
14025,mitt_drill_slice300.mp4,Ahsen,99
14027,mitt_drill_slice310.mp4,Ahsen,99
14029,mitt_drill_slice320.mp4,Ahsen,99
14032,mitt_drill_slice335.mp4,Ahsen,99
14034,mitt_drill_slice345.mp4,Ahsen,99
14039,mitt_drill_slice50.mp4,Ahsen,99
14046,mitt_drill_slice85.mp4,Ahsen,99
14051,obama_fist_bumps_slice15.mp4,Ahsen,99
14064,outdoorHShackeysack_slice125.mp4,Ahsen,99
14065,outdoorHShackeysack_slice130.mp4,Ahsen,99
14067,outdoorHShackeysack_slice140.mp4,Ahsen,99
14081,outdoorHShackeysack_slice200.mp4,Ahsen,99
14086,outdoorHShackeysack_slice225.mp4,Ahsen,99
14090,outdoorHShackeysack_slice245.mp4,Ahsen,99
14117,parents_hip_hop_slice100.mp4,Ahsen,99
14124,parents_hip_hop_slice45.mp4,Ahsen,99
14127,parents_hip_hop_slice55.mp4,Ahsen,99
14128,parents_hip_hop_slice60.mp4,Ahsen,99
14133,parents_hip_hop_slice85.mp4,Ahsen,99
14136,peaceful_football_crowds__MaximsNewsNetwork_SUDAN_ELECTIONS_YASIR_ARMAN_OMAR_AL_BASHIR_UNM.mp4,Ahsen,99
14148,perfect_hook_punch_slice145.mp4,Ahsen,99
14149,perfect_hook_punch_slice15.mp4,Ahsen,99
14152,perfect_hook_punch_slice160.mp4,Ahsen,99
14161,perfect_hook_punch_slice200.mp4,Ahsen,99
14176,perfect_hook_punch_slice270.mp4,Ahsen,99
14177,perfect_hook_punch_slice275.mp4,Ahsen,99
14180,perfect_hook_punch_slice290.mp4,Ahsen,99
14192,perfect_hook_punch_slice70.mp4,Ahsen,99
14195,perfect_hook_punch_slice85.mp4,Ahsen,99
14196,perfect_hook_punch_slice90.mp4,Ahsen,99
14197,perfect_hook_punch_slice95.mp4,Ahsen,99
14199,poor_lighting_pool_hall_punch_slice10.mp4,Ahsen,99
14203,poor_lighting_pool_hall_punch_slice30.mp4,Ahsen,99
14210,rugby_downward_punch_slice10.mp4,Ahsen,99
14225,rugby_downward_punch_slice30.mp4,Ahsen,99
14229,rugby_downward_punch_slice5.mp4,Ahsen,99
14230,rugby_downward_punch_slice50.mp4,Ahsen,99
14235,rugby_downward_punch_slice75.mp4,Ahsen,99
14246,short_strikes_slice120.mp4,Ahsen,99
14249,short_strikes_slice135.mp4,Ahsen,99
14254,short_strikes_slice155.mp4,Ahsen,99
14261,short_strikes_slice190.mp4,Ahsen,99
14284,short_strikes_slice295.mp4,Ahsen,99
14285,short_strikes_slice30.mp4,Ahsen,99
14294,short_strikes_slice340.mp4,Ahsen,99
14301,short_strikes_slice370.mp4,Ahsen,99
14309,short_strikes_slice405.mp4,Ahsen,99
14316,short_strikes_slice440.mp4,Ahsen,99
14320,short_strikes_slice455.mp4,Ahsen,99
14338,short_strikes_slice535.mp4,Ahsen,99
14345,short_strikes_slice565.mp4,Ahsen,99
14369,short_strikes_slice90.mp4,Ahsen,99
14370,short_strikes_slice95.mp4,Ahsen,99
14387,stadium_crowds__Barnsley_FC_V_Swansea_City_FC_League_1_Play_off_Final_2006__stua.mp4,Ahsen,99
14390,stadium_crowds__BullDOgs_SoNG_aNd_VidEO_REMixed_NRL_CHAMPIONS_remix_of_BLue_WhiT.mp4,Ahsen,99
14426,stop_a_douchebag_slice120.mp4,Ahsen,99
14429,stop_a_douchebag_slice25.mp4,Ahsen,99
14439,stop_a_douchebag_slice70.mp4,Ahsen,99
14446,street_confrontation_punch_slice10.mp4,Ahsen,99
14458,street_confrontation_punch_slice5.mp4,Ahsen,99
14460,street_confrontation_punch_slice55.mp4,Ahsen,99
14465,street_confrontation_punch_slice80.mp4,Ahsen,99
14475,streetfight1_slice1015.mp4,Ahsen,99
14490,streetfight1_slice115.mp4,Ahsen,99
14493,streetfight1_slice130.mp4,Ahsen,99
14494,streetfight1_slice135.mp4,Ahsen,99
14498,streetfight1_slice150.mp4,Ahsen,99
14500,streetfight1_slice160.mp4,Ahsen,99
14523,streetfight1_slice265.mp4,Ahsen,99
14536,streetfight1_slice325.mp4,Ahsen,99
14540,streetfight1_slice345.mp4,Ahsen,99
14544,streetfight1_slice360.mp4,Ahsen,99
14549,streetfight1_slice385.mp4,Ahsen,99
14560,streetfight1_slice435.mp4,Ahsen,99
14565,streetfight1_slice455.mp4,Ahsen,99
14573,streetfight1_slice495.mp4,Ahsen,99
14580,streetfight1_slice520.mp4,Ahsen,99
14582,streetfight1_slice530.mp4,Ahsen,99
14584,streetfight1_slice540.mp4,Ahsen,99
14587,streetfight1_slice550.mp4,Ahsen,99
14595,streetfight1_slice590.mp4,Ahsen,99
14599,streetfight1_slice605.mp4,Ahsen,99
14600,streetfight1_slice610.mp4,Ahsen,99
14605,streetfight1_slice635.mp4,Ahsen,99
14611,streetfight1_slice660.mp4,Ahsen,99
14625,streetfight1_slice725.mp4,Ahsen,99
14626,streetfight1_slice730.mp4,Ahsen,99
14637,streetfight1_slice780.mp4,Ahsen,99
14642,streetfight1_slice800.mp4,Ahsen,99
14644,streetfight1_slice810.mp4,Ahsen,99
14649,streetfight1_slice835.mp4,Ahsen,99
14650,streetfight1_slice840.mp4,Ahsen,99
14661,streetfight1_slice890.mp4,Ahsen,99
14669,streetfight1_slice925.mp4,Ahsen,99
14675,streetfight1_slice950.mp4,Ahsen,99
14678,streetfight1_slice965.mp4,Ahsen,99
14687,streetfight2_slice100.mp4,Ahsen,99
14689,streetfight2_slice110.mp4,Ahsen,99
14690,streetfight2_slice115.mp4,Ahsen,99
14704,streetfight2_slice180.mp4,Ahsen,99
14709,streetfight2_slice200.mp4,Ahsen,99
14719,streetfight2_slice25.mp4,Ahsen,99
14724,streetfight2_slice270.mp4,Ahsen,99
14755,streetfight2_slice415.mp4,Ahsen,99
14762,streetfight2_slice45.mp4,Ahsen,99
14766,streetfight2_slice465.mp4,Ahsen,99
14779,streetfight2_slice520.mp4,Ahsen,99
14787,streetfight2_slice555.mp4,Ahsen,99
14789,streetfight2_slice565.mp4,Ahsen,99
14796,streetfight2_slice60.mp4,Ahsen,99
14799,streetfight2_slice610.mp4,Ahsen,99
14800,streetfight2_slice615.mp4,Ahsen,99
14801,streetfight2_slice620.mp4,Ahsen,99
14813,streetfight3_slice100.mp4,Ahsen,99
14816,streetfight3_slice115.mp4,Ahsen,99
14825,streetfight3_slice155.mp4,Ahsen,99
14828,streetfight3_slice170.mp4,Ahsen,99
14836,streetfight3_slice205.mp4,Ahsen,99
14840,streetfight3_slice225.mp4,Ahsen,99
14851,streetfight3_slice275.mp4,Ahsen,99
14852,streetfight3_slice280.mp4,Ahsen,99
14854,streetfight3_slice290.mp4,Ahsen,99
14861,streetfight3_slice320.mp4,Ahsen,99
14876,streetfight3_slice390.mp4,Ahsen,99
14882,streetfight3_slice415.mp4,Ahsen,99
14889,streetfight3_slice45.mp4,Ahsen,99
14896,streetfight3_slice480.mp4,Ahsen,99
14901,streetfight3_slice50.mp4,Ahsen,99
14902,streetfight3_slice500.mp4,Ahsen,99
14908,streetfight3_slice530.mp4,Ahsen,99
14914,streetfight3_slice555.mp4,Ahsen,99
14917,streetfight3_slice570.mp4,Ahsen,99
14926,streetfight3_slice610.mp4,Ahsen,99
14927,streetfight3_slice615.mp4,Ahsen,99
14934,streetfight3_slice80.mp4,Ahsen,99
14935,streetfight3_slice85.mp4,Ahsen,99
14938,streetfight4_slice0.mp4,Ahsen,99
14942,streetfight4_slice110.mp4,Ahsen,99
14943,streetfight4_slice115.mp4,Ahsen,99
14950,streetfight4_slice15.mp4,Ahsen,99
14955,streetfight4_slice170.mp4,Ahsen,99
14975,streetfight4_slice260.mp4,Ahsen,99
14984,streetfight4_slice300.mp4,Ahsen,99
14989,streetfight4_slice325.mp4,Ahsen,99
14991,streetfight4_slice335.mp4,Ahsen,99
14996,streetfight4_slice355.mp4,Ahsen,99
14998,streetfight4_slice365.mp4,Ahsen,99
15001,streetfight4_slice380.mp4,Ahsen,99
15011,streetfight4_slice425.mp4,Ahsen,99
15016,streetfight4_slice45.mp4,Ahsen,99
15020,streetfight4_slice465.mp4,Ahsen,99
15024,streetfight4_slice485.mp4,Ahsen,99
15027,streetfight4_slice5.mp4,Ahsen,99
15028,streetfight4_slice50.mp4,Ahsen,99
15034,streetfight4_slice525.mp4,Ahsen,99
15035,streetfight4_slice530.mp4,Ahsen,99
15036,streetfight4_slice535.mp4,Ahsen,99
15055,streetfight4_slice85.mp4,Ahsen,99
15056,streetfight4_slice90.mp4,Ahsen,99
15059,streetfight5_slice10.mp4,Ahsen,99
15076,streetfight5_slice175.mp4,Ahsen,99
15080,streetfight5_slice195.mp4,Ahsen,99
15081,streetfight5_slice20.mp4,Ahsen,99
15098,streetfight5_slice275.mp4,Ahsen,99
15105,streetfight5_slice305.mp4,Ahsen,99
15106,streetfight5_slice310.mp4,Ahsen,99
15107,streetfight5_slice315.mp4,Ahsen,99
15118,streetfight5_slice365.mp4,Ahsen,99
15128,streetfight5_slice410.mp4,Ahsen,99
15132,streetfight5_slice430.mp4,Ahsen,99
15133,streetfight5_slice435.mp4,Ahsen,99
15141,streetfight5_slice470.mp4,Ahsen,99
15143,streetfight5_slice480.mp4,Ahsen,99
15150,streetfight5_slice505.mp4,Ahsen,99
15155,streetfight5_slice530.mp4,Ahsen,99
15157,streetfight5_slice540.mp4,Ahsen,99
15165,streetfight5_slice575.mp4,Ahsen,99
15166,streetfight5_slice585.mp4,Ahsen,99
15177,streetfight5_slice635.mp4,Ahsen,99
15187,streetfight5_slice680.mp4,Ahsen,99
15191,streetfight5_slice70.mp4,Ahsen,99
15193,streetfight5_slice705.mp4,Ahsen,99
15205,streetfight5_slice760.mp4,Ahsen,99
15215,streetfight5_slice90.mp4,Ahsen,99
15220,student_teacher_greetings_slice20.mp4,Ahsen,99
15233,stunt_fights_shayna_slice100.mp4,Ahsen,99
15240,stunt_fights_shayna_slice135.mp4,Ahsen,99
15241,stunt_fights_shayna_slice140.mp4,Ahsen,99
15245,stunt_fights_shayna_slice155.mp4,Ahsen,99
15246,stunt_fights_shayna_slice160.mp4,Ahsen,99
15249,stunt_fights_shayna_slice25.mp4,Ahsen,99
15252,stunt_fights_shayna_slice40.mp4,Ahsen,99
15257,stunt_fights_shayna_slice60.mp4,Ahsen,99
15262,stunt_fights_shayna_slice85.mp4,Ahsen,99
15272,teen_punches_officer_slice25.mp4,Ahsen,99
15273,teen_punches_officer_slice30.mp4,Ahsen,99
15276,teen_punches_officer_slice45.mp4,Ahsen,99
15283,teen_punches_officer_slice75.mp4,Ahsen,99
15289,traditional_dance_slice10.mp4,Ahsen,99
15290,traditional_dance_slice100.mp4,Ahsen,99
15297,traditional_dance_slice135.mp4,Ahsen,99
15302,traditional_dance_slice160.mp4,Ahsen,99
15303,traditional_dance_slice165.mp4,Ahsen,99
15309,traditional_dance_slice195.mp4,Ahsen,99
15317,traditional_dance_slice230.mp4,Ahsen,99
15320,traditional_dance_slice245.mp4,Ahsen,99
15330,traditional_dance_slice290.mp4,Ahsen,99
15331,traditional_dance_slice295.mp4,Ahsen,99
15336,traditional_dance_slice315.mp4,Ahsen,99
15343,traditional_dance_slice35.mp4,Ahsen,99
15349,traditional_dance_slice375.mp4,Ahsen,99
15351,traditional_dance_slice385.mp4,Ahsen,99
15373,traditional_dance_slice485.mp4,Ahsen,99
15378,traditional_dance_slice500.mp4,Ahsen,99
15389,traditional_dance_slice550.mp4,Ahsen,99
15390,traditional_dance_slice555.mp4,Ahsen,99
15400,traditional_dance_slice600.mp4,Ahsen,99
15411,traditional_dance_slice80.mp4,Ahsen,99
15423,women_fight_smoke_shop_slice45.mp4,Ahsen,99
15424,women_fight_smoke_shop_slice5.mp4,Ahsen,99
15440,wvu_dance_cam_slice65.mp4,Ahsen,99
